{"cameraMode":{"drawMode":0,"name":"Shaded","section":"Shading Mode"},"sceneLighting":true,"audioPlay":false,"sceneViewState":{"showFog":true,"showMaterialUpdate":false,"showSkybox":true,"showFlares":true,"showImageEffects":true,"showParticleSystems":true,"showVisualEffectGraphs":true,"m_FxEnabled":true},"in2DMode":false,"pivot":{"x":-270.9540710449219,"y":0.539060115814209,"z":25.380027770996095},"rotation":{"x":0.026447748765349389,"y":-0.959351658821106,"z":0.26427334547042849,"w":0.09586414694786072},"size":1.7854113578796387,"orthographic":false}