{"cameraMode":{"drawMode":0,"name":"Shaded","section":"Shading Mode"},"sceneLighting":false,"audioPlay":false,"sceneViewState":{"showFog":true,"showMaterialUpdate":false,"showSkybox":false,"showFlares":true,"showImageEffects":true,"showParticleSystems":true,"showVisualEffectGraphs":true,"m_FxEnabled":true},"in2DMode":false,"pivot":{"x":-0.11332780122756958,"y":-0.44439566135406496,"z":0.6301052570343018},"rotation":{"x":0.15919463336467744,"y":0.8395141959190369,"z":-0.39196014404296877,"w":0.3409747779369354},"size":0.8208763003349304,"orthographic":false}