{"cameraMode":{"drawMode":0,"name":"Shaded","section":"Shading Mode"},"sceneLighting":false,"audioPlay":false,"sceneViewState":{"showFog":true,"showMaterialUpdate":false,"showSkybox":false,"showFlares":true,"showImageEffects":true,"showParticleSystems":true,"showVisualEffectGraphs":true,"m_FxEnabled":true},"in2DMode":false,"pivot":{"x":-274.61529541015627,"y":0.9537335634231567,"z":25.866886138916017},"rotation":{"x":0.15919463336467744,"y":0.8395141959190369,"z":-0.39196014404296877,"w":0.3409747779369354},"size":1.4784386157989503,"orthographic":false}