{"cameraMode":{"drawMode":0,"name":"Shaded","section":"Shading Mode"},"sceneLighting":false,"audioPlay":false,"sceneViewState":{"showFog":true,"showMaterialUpdate":false,"showSkybox":false,"showFlares":true,"showImageEffects":true,"showParticleSystems":true,"showVisualEffectGraphs":true,"m_FxEnabled":true},"in2DMode":false,"pivot":{"x":-0.5728172063827515,"y":0.46779918670654299,"z":-0.008320093154907227},"rotation":{"x":0.1173442155122757,"y":0.8824469447135925,"z":-0.3114684224128723,"w":0.3324600160121918},"size":1.3874588012695313,"orthographic":false}