{"cameraMode":{"drawMode":0,"name":"Shaded","section":"Shading Mode"},"sceneLighting":false,"audioPlay":false,"sceneViewState":{"showFog":true,"showMaterialUpdate":false,"showSkybox":false,"showFlares":true,"showImageEffects":true,"showParticleSystems":true},"in2DMode":false,"pivot":{"x":-0.2464585304260254,"y":1.5717380046844483,"z":0.09849250316619873},"rotation":{"x":-0.3850291967391968,"y":0.5406813621520996,"z":-0.3047887980937958,"w":-0.6830243468284607},"size":2.7873706817626955,"orthographic":false}