{"cameraMode":{"drawMode":0,"name":"Shaded","section":"Shading Mode"},"sceneLighting":false,"audioPlay":false,"sceneViewState":{"showFog":true,"showMaterialUpdate":false,"showSkybox":false,"showFlares":true,"showImageEffects":true,"showParticleSystems":true,"showVisualEffectGraphs":true,"m_FxEnabled":true},"in2DMode":false,"pivot":{"x":0.14918893575668336,"y":0.1455371379852295,"z":0.24317264556884767},"rotation":{"x":0.15269885957241059,"y":0.8428508043289185,"z":-0.3146655261516571,"w":0.40901875495910647},"size":1.9227590560913087,"orthographic":false}