{"cameraMode":{"drawMode":0,"name":"Shaded","section":"Shading Mode"},"sceneLighting":false,"audioPlay":false,"sceneViewState":{"showFog":true,"showMaterialUpdate":false,"showSkybox":false,"showFlares":true,"showImageEffects":true,"showParticleSystems":true,"showVisualEffectGraphs":true,"m_FxEnabled":true},"in2DMode":false,"pivot":{"x":-0.43544620275497439,"y":-1.3646758794784547,"z":0.6755088567733765},"rotation":{"x":0.1373855471611023,"y":0.8393843173980713,"z":-0.46326616406440737,"w":0.24893304705619813},"size":1.2230925559997559,"orthographic":false}